sgRNA,Indel_Rate,Mean_Scaffold_RMSD,Max_Scaffold_RMSD,Ensemble_RMSD_Fluctuation
sgRNA_35,72.95013286,29.806237290504505,36.89569896810533,5.374979675622787
sgRNA_136,6.254023729,23.2611459754332,27.83963611194478,6.607826317030155
sgRNA_101,26.66894198,23.155277721844715,25.765678469528016,1.9346745827592584
sgRNA_111,17.4819567,15.053098726086056,29.515224093024475,9.245811014499294
sgRNA_10,79.08452233,35.8128802457711,40.287773686593134,3.502561378908408
sgRNA_5,81.58939227,25.01136126352281,34.45867792307168,7.237088480259437
sgRNA_97,28.65644185,24.95804072752758,32.4478806592283,5.949220059912878
sgRNA_96,29.37408669,24.68513643887848,33.13677789260119,7.284853086102252
sgRNA_15,77.79878971,33.05421741390455,36.04749982787247,1.9201346226017395
sgRNA_42,72.03775837,23.839959470702286,38.208602063428216,11.93598866782373
sgRNA_57,58.81454771,24.185101565378584,31.99583034840133,7.623349047284305
sgRNA_59,58.03415119,22.22047131711528,27.946888014476897,5.107305220124124
sgRNA_130,9.578258628,24.23331986786516,33.26721139083812,7.204177531554755
sgRNA_67,51.23756764,34.678872435660736,39.95020915250908,5.70568600142062
sgRNA_69,50.75100766,17.389117248214117,32.74544090206225,9.721979733484048
sgRNA_141,1.362727156,34.03927942907439,37.98477580080517,2.925912076696639
sgRNA_124,12.12050234,36.527929774053,38.683268571558855,1.8464699987229696
sgRNA_19,77.30496454,27.13536171052601,37.68665970434661,8.090563381663632
sgRNA_90,39.66979025,25.14768286501772,30.7874923603812,4.819450677897137
sgRNA_115,15.10353228,23.631009441029487,33.76194035704501,7.6167648248059985
sgRNA_34,73.1708516,26.49033906787329,34.622134482748194,8.460913562192184
sgRNA_43,71.11917949,41.68671558941549,44.050832421846046,2.5836107506645694
sgRNA_11,78.83869957,24.56806070722781,34.442813931313,7.858014727258795
sgRNA_18,77.36477171,32.775517038857295,42.663222665474485,6.357486026947758
sgRNA_103,24.95661458,25.7565410616822,36.06236925404844,7.177571455917645
sgRNA_98,27.7579518,21.38863187684759,30.847057367756577,8.529859838460485
sgRNA_121,12.98864328,15.452638309342236,30.38388257814353,9.137388746262545
sgRNA_46,68.05869074,36.65339406439694,39.60354303215479,2.233564394454445
sgRNA_48,65.13551929,37.23823799267355,41.16518480571504,2.670452973329441
sgRNA_8,80.10967749,31.44258601359157,39.64961441068191,6.291722543288281
sgRNA_88,40.312957,26.22077804960174,37.07399558440802,6.173756271462347
sgRNA_143,0.868428245,35.27285368834398,39.02660415767991,2.799314709749776
sgRNA_105,20.48611111,13.465509969082865,22.421704998040223,4.706457253738065
sgRNA_84,43.86984081,19.79197078870145,31.844399243660646,8.067610179559187
sgRNA_118,13.304852,32.4087048983277,33.5492866785683,0.9900864786778087
sgRNA_28,74.29110059,35.794767885922866,37.246770934818,1.9357648481083172
sgRNA_87,40.95525666,13.421494862568892,21.29924404990281,4.972183741618597
sgRNA_93,35.54343831,35.82614729144704,38.61136016420198,1.9343686730187968
sgRNA_120,13.05814502,26.645884161485437,35.013736330442114,6.263941018513106
sgRNA_138,3.589981084,11.579547285506653,20.35202527863834,4.70066703554079
sgRNA_100,27.15019781,36.0745976143104,38.20850063274536,2.050824751095861
sgRNA_102,26.54594023,36.77589206411617,41.45694081278157,3.6709732118172846
sgRNA_45,70.40101515,23.352398136825563,28.22220950698596,2.462011981120128
sgRNA_74,48.98580022,35.4788801050572,40.51318213507977,3.055473554431451
sgRNA_80,47.56828781,19.032863336266395,30.069886298927365,8.367835333263708
sgRNA_6,80.82584968,23.56156969901436,25.229255654203868,1.175689850672072
sgRNA_72,49.24055928,22.00707368134128,28.43771522401377,4.042913060371473
sgRNA_24,75.64290448,35.14730214877022,38.81498056096165,4.221247967594203
sgRNA_113,16.8951698,22.821492847574135,34.822765573036406,10.331703728214393
sgRNA_27,74.83817725,17.137326888204612,17.783688096424065,0.92005287105666
sgRNA_78,48.03212837,33.7357568582655,37.94399587864139,3.592942360335919
sgRNA_128,10.33539005,27.4554400920968,35.68902506624585,6.994638625801333
sgRNA_22,75.92480291,15.58755662074642,24.33093765028763,4.528414346469356
sgRNA_39,72.20550723,35.98408004917694,41.41680631785965,4.100802832210686
sgRNA_65,54.08968701,26.6990738526622,33.69071629749131,5.030618293169666
sgRNA_23,75.90082749,20.19655727296573,28.90933361500517,4.938791933348992
sgRNA_55,59.92324815,20.05937005155213,36.36321889751733,8.75871804068115
sgRNA_71,49.5373203,28.92717714858665,36.21175165061822,3.7269253002826295
sgRNA_107,19.98277245,38.595490876632944,41.01357768091008,1.3562562068947943
sgRNA_76,48.36430486,16.02016767891527,23.729528189901263,4.966476060584438
sgRNA_7,80.41990317,34.31457412441089,35.51272043404998,1.260041604837949
sgRNA_9,79.55045299,29.271426095765243,37.404326614630925,5.143795422046512
sgRNA_116,14.60280374,27.25269317924537,34.03963370258801,7.068909736582311
sgRNA_4,82.1773221,25.534150386178855,33.90541077990721,6.1665346535150825
sgRNA_112,17.10280194,34.69994651388366,38.87339510911134,4.066890832695682
sgRNA_44,70.88069156,37.33827191015465,40.736379624860376,1.969718719627903
sgRNA_117,14.49360865,20.483637994700903,29.243086772770766,7.332777635561997
sgRNA_106,20.0829496,34.40848383977098,38.24506989749786,4.601752216264741
sgRNA_146,0.228219442,37.79595966101795,42.88852141691164,3.5752121457886825
sgRNA_125,11.70228337,35.89597156379064,38.33557348255897,3.13953125753885
sgRNA_83,45.55876192,34.747618192518125,39.4177133463415,3.260863057981958
sgRNA_95,30.46450092,25.75042082561689,37.97956499013438,6.765068795327319
sgRNA_135,6.369607418,22.4795812216967,32.99240686887826,7.393792991287322
sgRNA_31,73.78683695,18.751061871374027,25.482382367473825,4.888949976521206
sgRNA_36,72.5697061,17.889877411096116,20.861377444323693,2.99111660973826
sgRNA_41,72.06744497,14.818551774135411,24.381303944647247,5.461318357726775
sgRNA_13,78.67165575,14.083480090600087,21.43893175234448,3.875186912616679
sgRNA_85,42.04692971,34.318278388482945,38.85375433793182,2.9422283717054816
sgRNA_129,10.0,21.85995350465224,30.625775471563607,4.705785660946335
sgRNA_104,23.88601361,21.509149529112165,31.187991859736268,8.336626339242995
sgRNA_63,55.38053097,25.29166317683185,37.44070275253733,7.914739730682803
sgRNA_16,77.57464424,19.11817034299716,37.03319851601542,9.658867363960114
sgRNA_108,19.83393984,36.00564161314607,40.61577089702502,2.7619089315159
sgRNA_56,59.27050765,9.648367267027194,13.728983850196178,2.216357040771364
sgRNA_150,-0.220296572,34.46429925748129,39.1290694643397,2.955749696384716
sgRNA_81,47.46587165,26.94486904369677,38.45229505709987,7.698778201031635
sgRNA_40,72.13553295,32.871548676592894,36.54868635757433,3.5484537949777555
sgRNA_54,60.37710805,15.8642015514119,28.68271345392184,8.191604206552224
sgRNA_122,12.40030384,35.45170136769373,41.22918295827272,3.2021324213475317
sgRNA_99,27.40170486,29.12303718537846,34.921679799937,3.925254731172216
sgRNA_139,2.868082476,36.62907403836599,38.4759155470655,1.6279279867060938
sgRNA_25,75.54410053,37.97097097084456,40.55618872155173,1.4746774755470535
sgRNA_82,46.90551015,29.38667336642793,37.73414905799029,5.5742365635429225
sgRNA_110,18.98903618,21.88657788499102,26.338364049961804,2.8792568512574777
sgRNA_145,0.264034599,19.222381987330493,35.390304914002606,10.75373863218702
sgRNA_51,64.10457782,14.935870272819852,28.688701030575924,7.638602675022696
sgRNA_142,0.878795861,19.22681464931993,34.09977747437453,8.629075935135148
sgRNA_37,72.33921457,31.13489970527406,36.4386839522455,5.736506381609891
sgRNA_21,76.49038874,28.61283629405765,32.31943677187793,3.7306624567005735
sgRNA_70,49.59139542,33.52032001872848,37.48344569857768,3.19531112797424
sgRNA_94,34.31708991,21.833306207597165,30.245138486049736,4.778616212492216
sgRNA_29,73.97313709,34.54107926859941,35.81200309198673,0.8340924420090655
sgRNA_68,50.84945089,25.309354072453097,27.4880951288172,1.8394089912563567
sgRNA_60,56.92098417,34.57861872622188,35.49406895661023,1.4729416155859807
sgRNA_66,51.3335178,30.44272551640497,37.15231218865988,6.96362860806293
sgRNA_30,73.80778158,23.00015276661433,32.78893163017874,9.976999734252702
sgRNA_127,10.98679006,12.570161928228837,14.281821498940326,1.5288319893843765
sgRNA_58,58.13602696,21.954699423572716,36.82208602219164,9.04257210748053
sgRNA_2,88.59146225,28.071577648172894,37.74772283433361,6.336857719020389
sgRNA_47,66.11489488,22.711725953328077,34.31114517096004,6.548919387116129
sgRNA_79,47.84703546,22.280260712338823,27.189251436418093,3.6994937601442746
sgRNA_147,0.185185185,24.218324349239445,36.69622820169512,7.446471426552057
sgRNA_126,11.66567968,35.9021476842136,38.11173599609243,2.607170359436814
sgRNA_77,48.14618781,34.826610138860474,39.696419876113175,4.074783375551645
sgRNA_86,41.53722863,31.816432521927997,35.81731020784699,5.378976034542496
sgRNA_134,7.130583099,33.00999828975567,37.02893997970269,3.1743124309735555
sgRNA_53,61.14315712,21.53834471807083,37.74151780865591,9.449199828187652
sgRNA_12,78.71983702,34.42122860142577,36.82862616688159,2.3505093169673974
sgRNA_1,90.15854518,16.09992523091952,22.52175776862926,8.271345521634561
sgRNA_26,75.40940845,20.534716493354768,36.35117374495015,8.324221316701722
sgRNA_131,7.731481481,36.41424152020612,39.50724255683179,3.957065280732102
sgRNA_140,2.04848071,15.10751366589803,21.82259082359606,5.480979199205007
sgRNA_149,-0.065503846,29.32670915397364,37.6977350974904,4.746704695376281
sgRNA_3,83.12284718,20.516543514347404,35.72106042168572,9.930508599493852
sgRNA_50,64.32555781,35.60006485930494,38.748691687762026,2.0088282874764123
sgRNA_38,72.2525497,29.924642911789828,34.8377487645169,4.69075224140877
sgRNA_133,7.600434311,32.22574238974965,41.05720366132192,5.491683017236882
sgRNA_75,48.50441289,29.522667782285403,36.39485871686349,5.767411683116753
sgRNA_62,56.1039165,21.27671923744433,37.0879947642963,10.460880658148035
sgRNA_49,64.74593023,25.21881827489285,39.55184573244266,9.919492714730014
sgRNA_33,73.23562306,35.69586074192131,37.98954155256571,1.6177875566210789
sgRNA_32,73.7757732,23.76657550228153,33.55236897902159,6.3208304707280405
sgRNA_20,76.57155979,19.755783098757053,24.37838792544673,3.5072082264902877
sgRNA_92,38.55854169,35.93277155314853,37.69099676502047,1.60475281714824
sgRNA_17,77.54633796,16.82502517782955,26.27136865827589,5.609143731982541
sgRNA_64,55.19753658,25.22862284505965,36.92610429960597,9.750860682043625
sgRNA_123,12.37210902,33.75325853977901,35.09749202312725,0.7574547139972521
sgRNA_114,15.93816879,31.216373128691828,35.508278506521066,2.221951658527752
sgRNA_132,7.670182167,35.31649972166291,38.85104455794493,3.2232869352922258
sgRNA_14,78.453126,36.21856763598454,38.66277927767062,2.4705921459159312
sgRNA_89,39.68850853,19.80400766020785,28.459306671607823,4.573450604606866
sgRNA_52,63.16688033,36.18517487044933,39.14610294857649,2.899273203971942
sgRNA_61,56.71938363,34.9009938507379,41.67592040670798,5.731210581789032
sgRNA_144,0.611309221,27.15375708595023,34.23185267400819,6.449698707709383
sgRNA_91,39.62747773,22.644706220258666,33.37275605248194,12.070928230691417
sgRNA_137,5.53731902,34.53213864994814,40.5043119445067,3.8905178900384234
sgRNA_148,0.062201949,36.31632506260578,38.48482608189875,2.169081774241014
sgRNA_109,19.01148083,20.821450851567484,35.68414160158045,7.876040782971428
sgRNA_119,13.27080284,34.41912305132065,36.45363761400404,2.270413045532313
sgRNA_73,49.19960498,36.14500929654896,37.53067110640407,1.1455185877767575
