sgRNA_ID,Indel_Rate,Mean_Scaffold_RMSD,Max_Scaffold_RMSD,Ensemble_RMSD_Fluctuation,True_OffTarget_Matches,High_Risk_Sites_Count,Max_True_OffTarget_Score,Cumulative_OffTarget_Risk
sgRNA_35,72.95013286,29.806237290504505,36.89569896810533,5.374979675622787,274,48,0.7552749356945332,0.9999999999999996
sgRNA_136,6.254023729,23.2611459754332,27.83963611194478,6.607826317030155,134,16,0.5238095242619047,0.9999999486867388
sgRNA_101,26.66894198,23.155277721844715,25.765678469528016,1.9346745827592584,48,10,0.6500000003,0.9997746854083988
sgRNA_111,17.4819567,15.053098726086056,29.515224093024475,9.245811014499294,49,4,0.705882353,0.997258681686138
sgRNA_10,79.08452233,35.8128802457711,40.287773686593134,3.502561378908408,241,42,0.7242857148985715,0.9999999999999988
sgRNA_5,81.58939227,25.01136126352281,34.45867792307168,7.237088480259437,212,46,0.8649885580572082,1.0
sgRNA_97,28.65644185,24.95804072752758,32.4478806592283,5.949220059912878,382,66,0.7418478262173914,1.0
sgRNA_96,29.37408669,24.68513643887848,33.13677789260119,7.284853086102252,60,3,0.4662480379109104,0.9782939448466536
sgRNA_15,77.79878971,33.05421741390455,36.04749982787247,1.9201346226017395,193,21,0.5380434781875,0.9999999998124278
sgRNA_42,72.03775837,23.839959470702286,38.208602063428216,11.93598866782373,34,5,0.941176471,0.9973715228920418
sgRNA_57,58.81454771,24.185101565378584,31.99583034840133,7.623349047284305,11,3,0.348214285575,0.691149086555497
sgRNA_59,58.03415119,22.22047131711528,27.946888014476897,5.107305220124124,175,28,0.64144736825,0.9999999999996642
sgRNA_130,9.578258628,24.23331986786516,33.26721139083812,7.204177531554755,421,87,0.7538461535141026,1.0
sgRNA_67,51.23756764,34.678872435660736,39.95020915250908,5.70568600142062,326,31,0.8000000002410257,0.9999999999999908
sgRNA_69,50.75100766,17.389117248214117,32.74544090206225,9.721979733484048,31,4,0.5965909090369318,0.9814050885021804
sgRNA_141,1.362727156,34.03927942907439,37.98477580080517,2.925912076696639,136,23,0.65000000025,0.9999999605562688
sgRNA_124,12.12050234,36.527929774053,38.683268571558855,1.8464699987229696,432,72,0.7342657341311191,1.0
sgRNA_19,77.30496454,27.13536171052601,37.68665970434661,8.090563381663632,34,2,0.5376838235742188,0.9653536593498084
sgRNA_90,39.66979025,25.14768286501772,30.7874923603812,4.819450677897137,106,12,0.5113636363125,0.9999534233181404
sgRNA_115,15.10353228,23.631009441029487,33.76194035704501,7.6167648248059985,116,22,0.5394605391458543,0.9999996043137388
sgRNA_34,73.1708516,26.49033906787329,34.622134482748194,8.460913562192184,115,13,0.5142857142,0.999995506878395
sgRNA_43,71.11917949,41.68671558941549,44.050832421846046,2.5836107506645694,124,17,0.4730406176875357,0.999971176593484
sgRNA_11,78.83869957,24.56806070722781,34.442813931313,7.858014727258795,92,19,0.6529017860156251,0.9999991009901884
sgRNA_18,77.36477171,32.775517038857295,42.663222665474485,6.357486026947758,242,61,0.9,1.0
sgRNA_103,24.95661458,25.7565410616822,36.06236925404844,7.177571455917645,137,36,0.5333333336,0.9999999990018672
sgRNA_98,27.7579518,21.38863187684759,30.847057367756577,8.529859838460485,64,17,0.4078431376372549,0.9999584062289084
sgRNA_121,12.98864328,15.452638309342236,30.38388257814353,9.137388746262545,33,0,0.19151785723125,0.831304362997768
sgRNA_46,68.05869074,36.65339406439694,39.60354303215479,2.233564394454445,178,47,0.6272977939921874,0.9999999999999908
sgRNA_48,65.13551929,37.23823799267355,41.16518480571504,2.670452973329441,144,34,0.5892857141875,0.9999999979803206
sgRNA_8,80.10967749,31.44258601359157,39.64961441068191,6.291722543288281,206,32,0.875,0.999999999976927
sgRNA_88,40.312957,26.22077804960174,37.07399558440802,6.173756271462347,246,54,0.5259740260266234,0.9999999999999994
sgRNA_143,0.868428245,35.27285368834398,39.02660415767991,2.799314709749776,1820,275,0.8439897695370844,1.0
sgRNA_105,20.48611111,13.465509969082865,22.421704998040223,4.706457253738065,107,16,0.423076923,0.9999712544525686
sgRNA_84,43.86984081,19.79197078870145,31.844399243660646,8.067610179559187,74,16,0.4771597628913609,0.9998899285742412
sgRNA_118,13.304852,32.4087048983277,33.5492866785683,0.9900864786778087,468,56,0.7200000002169231,1.0
sgRNA_28,74.29110059,35.794767885922866,37.246770934818,1.9357648481083167,141,33,0.5515151515204546,0.9999999999001624
sgRNA_87,40.95525666,13.421494862568892,21.29924404990281,4.972183741618597,264,26,0.692307692,0.9999999999953108
sgRNA_93,35.54343831,35.82614729144704,38.61136016420198,1.9343686730187968,125,16,0.8359133124798761,0.9999994213979267
sgRNA_120,13.05814502,26.64588416148544,35.013736330442114,6.263941018513106,136,23,0.6250000001647728,0.9999999744901678
sgRNA_138,3.589981084,11.579547285506653,20.35202527863834,4.70066703554079,64,5,0.6190476189999999,0.9960489713089188
sgRNA_100,27.15019781,36.0745976143104,38.20850063274536,2.050824751095861,88,29,0.5200000001688889,0.9999999678849952
sgRNA_102,26.54594023,36.77589206411617,41.45694081278157,3.6709732118172846,289,34,0.78399999972,0.9999999999999684
sgRNA_45,70.40101515,23.352398136825563,28.22220950698596,2.462011981120128,168,11,0.6093749998984376,0.9999995166457568
sgRNA_74,48.98580022,35.4788801050572,40.51318213507977,3.055473554431451,103,12,0.53903743318877,0.9999778836598544
sgRNA_80,47.56828781,19.032863336266395,30.069886298927365,8.367835333263708,53,6,0.518607442847539,0.9885872032140246
sgRNA_6,80.82584968,23.56156969901436,25.229255654203868,1.175689850672072,40,2,0.315000000315,0.9690331305679614
sgRNA_72,49.24055928,22.00707368134128,28.43771522401377,4.042913060371473,27,4,0.5352941174,0.97254245075193
sgRNA_24,75.64290448,35.14730214877022,38.81498056096165,4.221247967594203,196,34,0.7272727272000001,0.9999999999884618
sgRNA_113,16.8951698,22.82149284757413,34.822765573036406,10.331703728214393,48,11,0.6293706292552448,0.9993621303982618
sgRNA_27,74.83817725,17.137326888204612,17.783688096424065,0.92005287105666,99,20,0.5727272724,0.99999759164232
sgRNA_78,48.03212837,33.7357568582655,37.94399587864139,3.592942360335919,354,67,0.772058823375,1.0
sgRNA_128,10.33539005,27.4554400920968,35.68902506624585,6.994638625801333,178,38,0.857142857,0.9999999999999524
sgRNA_22,75.92480291,15.58755662074642,24.33093765028763,4.528414346469356,281,43,0.7819548874323309,0.9999999999999998
sgRNA_39,72.20550723,35.98408004917694,41.41680631785965,4.100802832210686,94,10,0.3605042021092438,0.9999106685152082
sgRNA_65,54.08968701,26.6990738526622,33.69071629749131,5.030618293169666,62,6,0.5389030617219389,0.9964202554784356
sgRNA_23,75.90082749,20.19655727296573,28.90933361500517,4.938791933348992,64,14,0.6363636363,0.9999644381006988
sgRNA_55,59.92324815,20.05937005155213,36.36321889751733,8.75871804068115,307,37,0.6632653061632654,0.999999999999906
sgRNA_71,49.5373203,28.92717714858665,36.21175165061822,3.7269253002826295,87,9,0.4556372544845588,0.9997773142565588
sgRNA_107,19.98277245,38.595490876632944,41.01357768091008,1.3562562068947943,209,42,0.6035714290318454,0.999999999999758
sgRNA_76,48.36430486,16.02016767891527,23.729528189901263,4.966476060584438,232,29,0.45818181792,0.9999999996760566
sgRNA_7,80.41990317,34.31457412441089,35.51272043404998,1.260041604837949,130,14,0.529666412157372,0.9999969412940888
sgRNA_9,79.55045299,29.271426095765243,37.404326614630925,5.143795422046512,25,3,0.4518402777461806,0.9495148960339568
sgRNA_116,14.60280374,27.25269317924537,34.03963370258801,7.068909736582311,1084,90,0.6875,1.0
sgRNA_4,82.1773221,25.53415038617885,33.90541077990721,6.1665346535150825,55,15,0.7142857140000001,0.9999909867188452
sgRNA_112,17.10280194,34.69994651388366,38.87339510911134,4.066890832695682,142,21,0.7688787181716247,0.9999999334684576
sgRNA_44,70.88069156,37.33827191015465,40.736379624860376,1.969718719627903,37,4,0.3011764703852997,0.9538840517360978
sgRNA_117,14.49360865,20.483637994700903,29.243086772770766,7.332777635561997,52,9,0.6373063975052932,0.999077200337789
sgRNA_106,20.0829496,34.40848383977098,38.24506989749786,4.601752216264741,10,1,0.3626373623498168,0.5553001756526209
sgRNA_146,0.228219442,37.79595966101795,42.88852141691164,3.5752121457886825,273650,113758,1.0,1.0
sgRNA_125,11.70228337,35.89597156379064,38.33557348255897,3.13953125753885,65,11,0.603571429082143,0.9997769644486034
sgRNA_83,45.55876192,34.747618192518125,39.4177133463415,3.260863057981958,32,1,0.2654166667614583,0.9327130045624896
sgRNA_95,30.46450092,25.75042082561689,37.97956499013438,6.765068795327319,155,17,0.6588235296999999,0.99999986655269
sgRNA_135,6.369607418,22.4795812216967,32.99240686887826,7.393792991287322,337,40,0.6554621854632353,1.0
sgRNA_31,73.78683695,18.751061871374027,25.482382367473825,4.888949976521206,37,6,0.2857142857564627,0.9912594209222104
sgRNA_36,72.5697061,17.889877411096116,20.861377444323693,2.99111660973826,225,81,0.7218045110225564,1.0
sgRNA_41,72.06744497,14.818551774135411,24.381303944647247,5.461318357726775,75,5,0.3296703295567765,0.9983102044036865
sgRNA_13,78.67165575,14.083480090600087,21.43893175234448,3.875186912616679,34,6,0.3891156462578231,0.9823107121462182
sgRNA_85,42.04692971,34.318278388482945,38.85375433793182,2.9422283717054816,233,43,0.5460000002100001,0.9999999999999872
sgRNA_129,10.0,21.85995350465224,30.625775471563607,4.705785660946335,49,3,0.3972222222402777,0.9818398226572542
sgRNA_104,23.88601361,21.509149529112165,31.187991859736268,8.336626339242995,289,68,0.4999999996214285,1.0
sgRNA_63,55.38053097,25.29166317683185,37.44070275253733,7.914739730682803,101,23,0.7642636003414417,0.9999998504339552
sgRNA_16,77.57464424,19.11817034299716,37.03319851601542,9.658867363960114,171,20,0.5051020411122448,0.999999995207612
sgRNA_108,19.83393984,36.00564161314607,40.61577089702502,2.7619089315159,49,14,0.42613636359375,0.9997007337241242
sgRNA_56,59.27050765,9.648367267027194,13.728983850196178,2.216357040771364,149,27,0.7428571432000002,0.9999999997706718
sgRNA_150,-0.220296572,34.46429925748129,39.1290694643397,2.955749696384716,1922,282,0.7142857140000001,1.0
sgRNA_81,47.46587165,26.94486904369677,38.45229505709987,7.698778201031635,51,10,0.7529411770268476,0.9998661091751156
sgRNA_40,72.13553295,32.871548676592894,36.54868635757433,3.5484537949777555,228,44,0.5133333331,0.9999999999999908
sgRNA_54,60.37710805,15.8642015514119,28.68271345392184,8.191604206552224,68,9,0.573913043099379,0.9996598662686834
sgRNA_122,12.40030384,35.45170136769373,41.22918295827272,3.202132421347532,28,4,0.6753246754043292,0.9963788283450834
sgRNA_99,27.40170486,29.12303718537846,34.921679799937,3.925254731172216,215,44,0.666666667,0.999999999999694
sgRNA_139,2.868082476,36.62907403836599,38.4759155470655,1.6279279867060938,145,22,0.618925831567775,0.9999977672505134
sgRNA_25,75.54410053,37.97097097084456,40.55618872155173,1.4746774755470535,87,14,0.4588235293678991,0.9999517882815456
sgRNA_82,46.90551015,29.38667336642793,37.73414905799029,5.5742365635429225,46,6,0.4681547621699405,0.9887323751340296
sgRNA_110,18.98903618,21.88657788499102,26.338364049961804,2.8792568512574777,49,4,0.4800191815602222,0.9906871459023592
sgRNA_145,0.264034599,19.222381987330493,35.390304914002606,10.75373863218702,6395,630,0.933333333,1.0
sgRNA_51,64.10457782,14.935870272819852,28.688701030575924,7.638602675022696,41,6,0.4235294118,0.9901160137355726
sgRNA_142,0.878795861,19.22681464931993,34.09977747437453,8.629075935135148,238,51,0.5357142854553572,0.9999999999999908
sgRNA_37,72.33921457,31.13489970527406,36.4386839522455,5.736506381609891,61,8,0.5133689839893048,0.9990212881035664
sgRNA_21,76.49038874,28.61283629405765,32.31943677187793,3.7306624567005735,36,3,0.3230769234,0.938452551317737
sgRNA_70,49.59139542,33.52032001872848,37.48344569857768,3.19531112797424,939,335,0.6737967910010696,1.0
sgRNA_94,34.31708991,21.833306207597165,30.245138486049736,4.778616212492216,113,21,0.7058823532499999,0.999999166944727
sgRNA_29,73.97313709,34.54107926859941,35.81200309198673,0.8340924420090655,153,11,0.4791481809249013,0.9999946851254315
sgRNA_68,50.84945089,25.309354072453097,27.4880951288172,1.8394089912563567,98,23,0.5294117646617648,0.9999992512475252
sgRNA_60,56.92098417,34.57861872622188,35.49406895661023,1.4729416155859807,141,26,0.611764705997199,0.9999999989445114
sgRNA_66,51.3335178,30.44272551640497,37.15231218865988,6.96362860806293,59,4,0.3461538457186813,0.9477381995702612
sgRNA_30,73.80778158,23.00015276661433,32.78893163017874,9.976999734252702,539,47,0.6999999997499999,1.0
sgRNA_127,10.98679006,12.570161928228837,14.281821498940326,1.5288319893843765,1263,140,0.692307692,1.0
sgRNA_58,58.13602696,21.95469942357272,36.82208602219164,9.04257210748053,32,0,0.1303258146796992,0.5244068176659816
sgRNA_2,88.59146225,28.07157764817289,37.74772283433361,6.336857719020389,160,30,0.5365079366730159,0.9999999989361276
sgRNA_47,66.11489488,22.71172595332808,34.31114517096004,6.548919387116129,290,46,0.7269230766028847,0.9999999999999992
sgRNA_79,47.84703546,22.280260712338823,27.189251436418093,3.6994937601442746,95,27,0.692307692,0.999999997957615
sgRNA_147,0.185185185,24.218324349239445,36.69622820169512,7.446471426552057,412,37,0.7944996186638656,1.0
sgRNA_126,11.66567968,35.9021476842136,38.11173599609243,2.607170359436814,125,11,0.5249999999999999,0.9999971167525272
sgRNA_77,48.14618781,34.826610138860474,39.696419876113175,4.074783375551645,199,15,0.6438095241974604,0.9999999894998376
sgRNA_86,41.53722863,31.816432521928,35.81731020784699,5.378976034542496,160,20,0.65000000025,0.9999999962007476
sgRNA_134,7.130583099,33.00999828975567,37.02893997970269,3.1743124309735555,14,3,0.5147058825073528,0.8779954447453855
sgRNA_53,61.14315712,21.53834471807083,37.74151780865591,9.449199828187652,100,26,0.4761904762380953,0.9999995800226948
sgRNA_12,78.71983702,34.42122860142577,36.82862616688159,2.3505093169673974,235,30,0.5086956522375,0.9999999999948131
sgRNA_1,90.15854518,16.09992523091952,22.52175776862926,8.271345521634561,258,40,0.7200000000000001,0.9999999999999925
sgRNA_26,75.40940845,20.534716493354768,36.35117374495015,8.324221316701722,228,44,0.5999999997959707,0.999999999999806
sgRNA_131,7.731481481,36.41424152020612,39.50724255683179,3.957065280732102,47,4,0.4044444444088889,0.9163743925915728
sgRNA_140,2.04848071,15.10751366589803,21.82259082359606,5.480979199205007,76,22,0.533203125,0.9999978475690268
sgRNA_149,-0.065503846,29.32670915397364,37.6977350974904,4.746704695376281,224,47,0.8927536227478261,1.0
sgRNA_3,83.12284718,20.516543514347404,35.72106042168572,9.930508599493852,414,65,1.0,1.0
sgRNA_50,64.32555781,35.60006485930494,38.748691687762026,2.0088282874764123,152,27,0.53441295538692,0.9999999953890972
sgRNA_38,72.2525497,29.924642911789828,34.8377487645169,4.69075224140877,358,41,0.5147474744674748,0.9999999999999764
sgRNA_133,7.600434311,32.22574238974965,41.05720366132192,5.491683017236882,266,22,0.56249999990625,0.9999999995194556
sgRNA_75,48.50441289,29.522667782285403,36.39485871686349,5.767411683116753,229,21,0.6136363635750001,0.9999999915707858
sgRNA_62,56.1039165,21.27671923744433,37.0879947642963,10.460880658148035,49,5,0.519957983002626,0.9919535623296696
sgRNA_49,64.74593023,25.21881827489285,39.55184573244266,9.919492714730014,74,21,0.57421875,0.9999927490874854
sgRNA_33,73.23562306,35.69586074192131,37.98954155256571,1.6177875566210789,371,63,0.7142857140000001,1.0
sgRNA_32,73.7757732,23.76657550228153,33.55236897902159,6.3208304707280405,46,6,0.3385416669921875,0.9918518021203347
sgRNA_20,76.57155979,19.755783098757053,24.37838792544673,3.507208226490288,34,4,0.3475355055121136,0.9816125584211476
sgRNA_92,38.55854169,35.93277155314853,37.69099676502047,1.60475281714824,29,1,0.8125,0.9775105726944616
sgRNA_17,77.54633796,16.82502517782955,26.27136865827589,5.609143731982541,195,22,0.4897959179183673,0.999999998018551
sgRNA_64,55.19753658,25.22862284505965,36.92610429960597,9.750860682043625,72,0,0.1980952381902041,0.9737568911769932
sgRNA_123,12.37210902,33.75325853977901,35.09749202312725,0.7574547139972521,65,2,0.2363636364901876,0.96905492528332
sgRNA_114,15.93816879,31.216373128691828,35.508278506521066,2.221951658527752,347,51,0.6525490201443137,1.0
sgRNA_132,7.670182167,35.31649972166291,38.85104455794493,3.2232869352922258,243,64,0.6844444443388035,1.0
sgRNA_14,78.453126,36.21856763598454,38.66277927767062,2.4705921459159312,152,33,0.6408963592495799,0.9999999993653912
sgRNA_89,39.68850853,19.80400766020785,28.459306671607823,4.573450604606866,473,80,0.8666666670000001,1.0
sgRNA_52,63.16688033,36.18517487044933,39.14610294857649,2.899273203971942,224,27,0.5223214286875,0.9999999999917746
sgRNA_61,56.71938363,34.9009938507379,41.67592040670798,5.731210581789032,153,21,0.7081939794548495,0.9999999781257471
sgRNA_144,0.611309221,27.15375708595023,34.23185267400819,6.449698707709383,58,9,0.7222222220000001,0.9999275185566848
sgRNA_91,39.62747773,22.644706220258666,33.37275605248194,12.070928230691417,220,55,0.5803571431250001,1.0
sgRNA_137,5.53731902,34.53213864994814,40.5043119445067,3.890517890038424,19,1,0.28125,0.5283594634633528
sgRNA_148,0.062201949,36.31632506260578,38.48482608189875,2.169081774241014,5179,386,0.928571429,1.0
sgRNA_109,19.01148083,20.821450851567484,35.68414160158045,7.876040782971428,46,6,0.396634615136218,0.9922991406454662
sgRNA_119,13.27080284,34.41912305132065,36.45363761400404,2.270413045532313,2534,29,0.5647058825999999,1.0
sgRNA_73,49.19960498,36.14500929654896,37.53067110640407,1.1455185877767575,101,23,0.4414715718706801,0.999999413315818
