sgRNA,Rank,TL_32_37,SL1_54_60,SL2_71_76,SL3_88_90
sgRNA_1,rank01,31.411,2.617,2.641,40.659
sgRNA_1,rank02,30.64,2.658,2.714,26.669
sgRNA_1,rank03,29.682,2.703,2.776,38.079
sgRNA_1,rank04,35.612,2.76,4.733,33.753
sgRNA_1,rank05,32.152,2.787,2.726,26.193
sgRNA_10,rank01,2.805,46.716,5.007,22.733
sgRNA_10,rank02,2.777,3.548,12.601,11.737
sgRNA_10,rank03,8.952,25.613,2.777,32.195
sgRNA_10,rank04,10.137,40.818,4.653,34.701
sgRNA_10,rank05,7.751,2.849,22.024,34.861
sgRNA_11,rank01,31.365,2.663,2.715,21.361
sgRNA_11,rank02,30.896,2.685,11.62,4.152
sgRNA_11,rank03,29.404,2.676,6.804,43.318
sgRNA_11,rank04,34.727,2.608,2.692,34.003
sgRNA_11,rank05,28.72,27.456,19.705,2.768
sgRNA_12,rank01,6.631,32.521,2.788,16.783
sgRNA_12,rank02,19.298,22.425,13.299,42.079
sgRNA_12,rank03,23.476,35.327,3.971,9.974
sgRNA_12,rank04,3.07,47.474,20.714,16.291
sgRNA_12,rank05,31.06,21.286,2.721,25.082
sgRNA_13,rank01,30.579,2.733,2.785,39.2
sgRNA_13,rank02,33.192,2.74,2.84,41.352
sgRNA_13,rank03,35.712,2.624,2.668,34.036
sgRNA_13,rank04,27.353,2.675,2.66,41.044
sgRNA_13,rank05,31.754,2.707,22.192,52.678
sgRNA_130,rank01,23.872,2.659,5.579,17.849
sgRNA_130,rank02,38.709,2.683,2.766,31.678
sgRNA_130,rank03,32.542,2.755,14.085,15.113
sgRNA_130,rank04,32.926,2.794,17.736,10.824
sgRNA_130,rank05,25.839,2.646,2.787,21.307
sgRNA_131,rank01,2.597,34.294,3.877,18.202
sgRNA_131,rank02,5.788,15.471,8.75,31.623
sgRNA_131,rank03,10.719,55.679,13.269,13.003
sgRNA_131,rank04,2.825,28.258,6.504,9.241
sgRNA_131,rank05,4.468,13.26,9.422,15.623
sgRNA_132,rank01,8.201,38.405,3.45,14.277
sgRNA_132,rank02,3.138,15.167,2.94,37.336
sgRNA_132,rank03,5.163,23.102,12.572,36.145
sgRNA_132,rank04,3.176,27.148,4.819,28.485
sgRNA_132,rank05,30.014,21.821,2.831,31.822
sgRNA_133,rank01,3.129,13.569,3.856,52.044
sgRNA_133,rank02,2.785,41.305,9.609,15.7
sgRNA_133,rank03,12.654,30.729,3.335,11.021
sgRNA_133,rank04,30.617,2.626,3.135,19.475
sgRNA_133,rank05,32.168,2.621,3.019,17.84
sgRNA_134,rank01,7.334,26.722,5.592,28.266
sgRNA_134,rank02,25.31,6.903,18.205,58.4
sgRNA_134,rank03,11.066,5.343,16.657,51.334
sgRNA_134,rank04,4.678,12.211,12.454,28.55
sgRNA_134,rank05,3.708,34.199,2.835,36.194
sgRNA_135,rank01,28.803,2.79,11.466,41.967
sgRNA_135,rank02,32.905,2.75,7.008,40.622
sgRNA_135,rank03,30.262,2.681,3.311,34.293
sgRNA_135,rank04,30.785,2.816,3.037,44.091
sgRNA_135,rank05,28.779,15.382,8.882,39.952
sgRNA_136,rank01,32.62,2.748,12.817,44.103
sgRNA_136,rank02,30.861,2.774,3.105,9.387
sgRNA_136,rank03,28.512,2.639,8.06,44.257
sgRNA_136,rank04,30.694,2.787,2.748,46.613
sgRNA_136,rank05,31.338,2.692,3.159,38.95
sgRNA_137,rank01,2.843,35.141,4.433,33.197
sgRNA_137,rank02,2.894,46.151,6.088,31.888
sgRNA_137,rank03,16.343,33.278,3.745,30.532
sgRNA_137,rank04,2.911,7.244,23.046,46.409
sgRNA_137,rank05,3.353,3.949,15.564,54.637
sgRNA_138,rank01,27.319,2.679,2.858,41.376
sgRNA_138,rank02,28.257,2.719,2.812,42.281
sgRNA_138,rank03,31.894,2.682,2.878,37.419
sgRNA_138,rank04,31.109,2.725,2.763,41.312
sgRNA_138,rank05,34.203,2.717,3.011,41.189
sgRNA_139,rank01,3.063,36.644,8.886,39.099
sgRNA_139,rank02,2.773,42.036,6.057,37.411
sgRNA_139,rank03,2.884,35.953,13.016,35.398
sgRNA_139,rank04,10.394,27.017,9.105,14.963
sgRNA_139,rank05,24.224,31.16,13.652,41.143
sgRNA_14,rank01,2.716,20.896,13.321,38.143
sgRNA_14,rank02,5.924,28.962,8.638,22.021
sgRNA_14,rank03,13.513,46.293,2.993,30.119
sgRNA_14,rank04,7.327,33.434,2.858,32.769
sgRNA_14,rank05,3.484,21.956,13.137,29.527
sgRNA_140,rank01,26.731,2.678,2.728,40.673
sgRNA_140,rank02,24.059,2.685,2.898,43.725
sgRNA_140,rank03,27.131,5.815,2.89,37.919
sgRNA_140,rank04,30.343,2.691,2.636,37.671
sgRNA_140,rank05,18.39,5.931,2.751,35.775
sgRNA_141,rank01,2.833,30.99,3.258,23.55
sgRNA_141,rank02,31.63,2.683,3.155,17.463
sgRNA_141,rank03,16.386,35.415,3.19,30.634
sgRNA_141,rank04,10.749,32.407,3.391,30.825
sgRNA_141,rank05,2.709,38.844,7.97,46.864
sgRNA_2,rank01,29.29,2.725,8.372,28.959
sgRNA_2,rank02,23.142,2.587,10.842,43.682
sgRNA_2,rank03,20.962,2.702,11.109,37.578
sgRNA_2,rank04,27.045,2.666,7.252,31.236
sgRNA_2,rank05,27.768,2.684,3.618,38.799
sgRNA_3,rank01,42.596,2.843,2.628,37.217
sgRNA_3,rank02,22.964,2.804,2.716,34.063
sgRNA_3,rank03,8.911,2.799,19.276,20.597
sgRNA_3,rank04,31.264,2.789,2.642,37.006
sgRNA_3,rank05,2.913,6.059,2.765,38.082
sgRNA_4,rank01,31.141,2.673,13.607,40.302
sgRNA_4,rank02,34.04,2.67,13.196,41.859
sgRNA_4,rank03,36.979,2.656,10.753,31.22
sgRNA_4,rank04,34.792,2.661,17.538,31.599
sgRNA_4,rank05,27.032,4.603,26.885,2.681
sgRNA_5,rank01,25.971,5.042,2.615,28.981
sgRNA_5,rank02,24.853,3.533,3.172,43.168
sgRNA_5,rank03,2.649,7.052,14.948,18.916
sgRNA_5,rank04,35.013,5.724,7.617,7.083
sgRNA_5,rank05,22.784,2.662,2.665,36.573
sgRNA_6,rank01,29.762,2.751,7.001,20.968
sgRNA_6,rank02,31.42,2.687,3.064,41.491
sgRNA_6,rank03,27.459,2.656,6.369,17.861
sgRNA_6,rank04,33.651,2.739,3.518,40.992
sgRNA_6,rank05,24.617,2.664,3.266,44.109
sgRNA_7,rank01,2.834,27.461,2.957,37.471
sgRNA_7,rank02,2.955,27.094,9.898,17.568
sgRNA_7,rank03,2.94,19.309,19.388,38.117
sgRNA_7,rank04,2.844,2.7,2.859,25.144
sgRNA_7,rank05,15.567,22.506,6.432,34.108
sgRNA_8,rank01,2.686,35.16,10.063,25.9
sgRNA_8,rank02,15.99,45.073,2.968,20.547
sgRNA_8,rank03,2.779,31.219,3.017,39.613
sgRNA_8,rank04,2.973,11.113,2.753,33.632
sgRNA_8,rank05,25.853,8.082,2.82,45.414
sgRNA_9,rank01,28.21,28.382,2.677,18.36
sgRNA_9,rank02,22.91,27.712,2.654,9.658
sgRNA_9,rank03,9.626,15.727,2.749,19.113
sgRNA_9,rank04,28.578,27.058,2.695,36.655
sgRNA_9,rank05,23.773,18.451,2.67,27.289
