sgRNA,TL_32_37,SL1_54_60,SL2_71_76,SL3_88_90,Rank
sgRNA_1,0,1,1,0,rank01
sgRNA_1,0,1,1,0,rank02
sgRNA_1,0,1,1,0,rank03
sgRNA_1,0,1,0,0,rank04
sgRNA_1,0,1,1,0,rank05
sgRNA_137,1,0,0,0,rank01
sgRNA_137,1,0,0,0,rank02
sgRNA_137,0,0,0,0,rank03
sgRNA_137,1,0,0,0,rank04
sgRNA_137,0,0,0,0,rank05
sgRNA_138,0,1,1,0,rank01
sgRNA_138,0,1,1,0,rank02
sgRNA_138,0,1,1,0,rank03
sgRNA_138,0,1,1,0,rank04
sgRNA_138,0,1,1,0,rank05
sgRNA_139,0,0,0,0,rank01
sgRNA_139,1,0,0,0,rank02
sgRNA_139,0,0,0,0,rank03
sgRNA_139,0,0,0,0,rank04
sgRNA_139,0,0,0,0,rank05
sgRNA_140,0,1,1,0,rank01
sgRNA_140,0,1,1,0,rank02
sgRNA_140,0,0,0,0,rank03
sgRNA_140,0,1,1,0,rank04
sgRNA_140,0,0,1,0,rank05
sgRNA_141,1,0,0,0,rank01
sgRNA_141,0,1,0,0,rank02
sgRNA_141,0,0,0,0,rank03
sgRNA_141,0,0,1,0,rank04
sgRNA_141,1,0,0,0,rank05
sgRNA_2,0,1,0,0,rank01
sgRNA_2,0,1,0,0,rank02
sgRNA_2,0,1,0,0,rank03
sgRNA_2,0,1,0,0,rank04
sgRNA_2,0,1,0,0,rank05
sgRNA_3,0,1,1,0,rank01
sgRNA_3,0,1,1,0,rank02
sgRNA_3,0,1,0,0,rank03
sgRNA_3,0,1,1,0,rank04
sgRNA_3,1,0,1,0,rank05
sgRNA_4,0,1,0,0,rank01
sgRNA_4,0,1,0,0,rank02
sgRNA_4,0,1,0,0,rank03
sgRNA_4,0,1,0,0,rank04
sgRNA_4,0,0,0,1,rank05
sgRNA_5,0,0,1,0,rank01
sgRNA_5,0,0,1,0,rank02
sgRNA_5,1,0,0,0,rank03
sgRNA_5,0,0,0,0,rank04
sgRNA_5,0,1,1,0,rank05
