sgRNA,Rank,TL_32_37,SL1_54_60,SL2_71_76,SL3_88_90
sgRNA_1,rank01,31.411,2.617,2.641,40.659
sgRNA_1,rank02,30.64,2.658,2.714,26.669
sgRNA_1,rank03,29.682,2.703,2.776,38.079
sgRNA_1,rank04,35.612,2.76,4.733,33.753
sgRNA_1,rank05,32.152,2.787,2.726,26.193
sgRNA_137,rank01,2.843,35.141,4.433,33.197
sgRNA_137,rank02,2.894,46.151,6.088,31.888
sgRNA_137,rank03,16.343,33.278,3.745,30.532
sgRNA_137,rank04,2.911,7.244,23.046,46.409
sgRNA_137,rank05,3.353,3.949,15.564,54.637
sgRNA_138,rank01,27.319,2.679,2.858,41.376
sgRNA_138,rank02,28.257,2.719,2.812,42.281
sgRNA_138,rank03,31.894,2.682,2.878,37.419
sgRNA_138,rank04,31.109,2.725,2.763,41.312
sgRNA_138,rank05,34.203,2.717,3.011,41.189
sgRNA_139,rank01,3.063,36.644,8.886,39.099
sgRNA_139,rank02,2.773,42.036,6.057,37.411
sgRNA_139,rank03,2.884,35.953,13.016,35.398
sgRNA_139,rank04,10.394,27.017,9.105,14.963
sgRNA_139,rank05,24.224,31.16,13.652,41.143
sgRNA_140,rank01,26.731,2.678,2.728,40.673
sgRNA_140,rank02,24.059,2.685,2.898,43.725
sgRNA_140,rank03,27.131,5.815,2.89,37.919
sgRNA_140,rank04,30.343,2.691,2.636,37.671
sgRNA_140,rank05,18.39,5.931,2.751,35.775
sgRNA_141,rank01,2.833,30.99,3.258,23.55
sgRNA_141,rank02,31.63,2.683,3.155,17.463
sgRNA_141,rank03,16.386,35.415,3.19,30.634
sgRNA_141,rank04,10.749,32.407,3.391,30.825
sgRNA_141,rank05,2.709,38.844,7.97,46.864
sgRNA_2,rank01,29.29,2.725,8.372,28.959
sgRNA_2,rank02,23.142,2.587,10.842,43.682
sgRNA_2,rank03,20.962,2.702,11.109,37.578
sgRNA_2,rank04,27.045,2.666,7.252,31.236
sgRNA_2,rank05,27.768,2.684,3.618,38.799
sgRNA_3,rank01,42.596,2.843,2.628,37.217
sgRNA_3,rank02,22.964,2.804,2.716,34.063
sgRNA_3,rank03,8.911,2.799,19.276,20.597
sgRNA_3,rank04,31.264,2.789,2.642,37.006
sgRNA_3,rank05,2.913,6.059,2.765,38.082
sgRNA_4,rank01,31.141,2.673,13.607,40.302
sgRNA_4,rank02,34.04,2.67,13.196,41.859
sgRNA_4,rank03,36.979,2.656,10.753,31.22
sgRNA_4,rank04,34.792,2.661,17.538,31.599
sgRNA_4,rank05,27.032,4.603,26.885,2.681
sgRNA_5,rank01,25.971,5.042,2.615,28.981
sgRNA_5,rank02,24.853,3.533,3.172,43.168
sgRNA_5,rank03,2.649,7.052,14.948,18.916
sgRNA_5,rank04,35.013,5.724,7.617,7.083
sgRNA_5,rank05,22.784,2.662,2.665,36.573
